{"mean": [0.5655773878097534, 0.16222909092903137, -0.0026623664889484644, 0.0021624984219670296, 0.17679616808891296, -0.07023915648460388, 0.8779537081718445, 0.2301158308982849, -0.8740106225013733, -0.1033591702580452, -0.8444443345069885, 0.2756502628326416, 0.740235447883606, 0.003497435711324215, -0.004547391086816788, 0.007932869717478752, 0.002208476420491934, 0.0014495849609375, -0.09029047936201096, -0.00352881895378232, -0.003130362369120121, 0.006226355209946632, 0.0028321926947683096, -0.0011820853687822819, 0.005434075370430946, 0.008631703443825245, -0.006699498277157545, 0.0, 0.0, 0.0, 0.0, 0.0, 0.0, 0.0, 0.0, 0.0, 0.0, 0.0, 0.0, 0.0, 0.0, 0.0, 0.0, 0.0, 0.0, 0.0, 0.0, 0.0, 0.0, 0.0, 0.0, 0.0, 0.0, 0.0, 0.0, 0.0, 0.0, 0.0, 0.0, 0.0, 0.0, 0.0, 0.0, 0.0, 0.0, 0.0, 0.0, 0.0, 0.0, 0.0, 0.0, 0.0, 0.0, 0.0, 0.0, 0.0, 0.0, 0.0, 0.0, 0.0, 0.0, 0.0, 0.0, 0.0, 0.0, 0.0, 0.0, 0.0, 0.0, 0.0, 0.0, 0.0, 0.0, 0.0, 0.0, 0.0, 0.0, 0.0, 0.0, 0.0, 0.0, 0.0, 0.0, 0.0, 0.0, 0.1927150934934616, -1.0534223318099976, -0.5282893776893616, -0.0906166061758995, 0.30555060505867004, 0.004567286930978298, 0.24959932267665863, -0.013568242080509663, 0.011131701990962029, -0.5788304209709167, -1.3006876707077026, -0.6615545153617859], "std": [0.07076182961463928, 0.6858735680580139, 0.05507862940430641, 0.05534029006958008, 0.6825647354125977, 0.32560405135154724, 0.2211182862520218, 0.28614699840545654, 0.21162043511867523, 0.3095335066318512, 0.21119630336761475, 0.2506168484687805, 0.19567866623401642, 0.9881365895271301, 0.9876309633255005, 0.5266680717468262, 1.067341685295105, 0.9971967339515686, 1.060579538345337, 2.682218551635742, 1.8527379035949707, 2.404777765274048, 2.014765977859497, 2.4759294986724854, 2.2535030841827393, 2.184593677520752, 2.117518901824951, 9.999999974752427e-07, 9.999999974752427e-07, 9.999999974752427e-07, 9.999999974752427e-07, 9.999999974752427e-07, 9.999999974752427e-07, 9.999999974752427e-07, 9.999999974752427e-07, 9.999999974752427e-07, 9.999999974752427e-07, 9.999999974752427e-07, 9.999999974752427e-07, 9.999999974752427e-07, 9.999999974752427e-07, 9.999999974752427e-07, 9.999999974752427e-07, 9.999999974752427e-07, 9.999999974752427e-07, 9.999999974752427e-07, 9.999999974752427e-07, 9.999999974752427e-07, 9.999999974752427e-07, 9.999999974752427e-07, 9.999999974752427e-07, 9.999999974752427e-07, 9.999999974752427e-07, 9.999999974752427e-07, 9.999999974752427e-07, 9.999999974752427e-07, 9.999999974752427e-07, 9.999999974752427e-07, 9.999999974752427e-07, 9.999999974752427e-07, 9.999999974752427e-07, 9.999999974752427e-07, 9.999999974752427e-07, 9.999999974752427e-07, 9.999999974752427e-07, 9.999999974752427e-07, 9.999999974752427e-07, 9.999999974752427e-07, 9.999999974752427e-07, 9.999999974752427e-07, 9.999999974752427e-07, 9.999999974752427e-07, 9.999999974752427e-07, 9.999999974752427e-07, 9.999999974752427e-07, 9.999999974752427e-07, 9.999999974752427e-07, 9.999999974752427e-07, 9.999999974752427e-07, 9.999999974752427e-07, 9.999999974752427e-07, 9.999999974752427e-07, 9.999999974752427e-07, 9.999999974752427e-07, 9.999999974752427e-07, 9.999999974752427e-07, 9.999999974752427e-07, 9.999999974752427e-07, 9.999999974752427e-07, 9.999999974752427e-07, 9.999999974752427e-07, 9.999999974752427e-07, 9.999999974752427e-07, 9.999999974752427e-07, 9.999999974752427e-07, 9.999999974752427e-07, 9.999999974752427e-07, 9.999999974752427e-07, 9.999999974752427e-07, 9.999999974752427e-07, 9.999999974752427e-07, 9.999999974752427e-07, 9.999999974752427e-07, 9.999999974752427e-07, 9.999999974752427e-07, 3.398116111755371, 4.06985330581665, 0.9299878478050232, 0.7430693507194519, 0.9930197596549988, 0.7194847464561462, 2.5525875091552734, 2.457261323928833, 2.3643229007720947, 4.811980247497559, 5.370110034942627, 0.936526894569397]}